<?xml version="1.0" encoding="utf-8"?><soap:Envelope xmlns:soap="http://www.w3.org/2003/05/soap-envelope" xmlns:xsi="http://www.w3.org/2001/XMLSchema-instance" xmlns:xsd="http://www.w3.org/2001/XMLSchema"><soap:Header><mdfeCabecMsg xmlns="http://www.portalfiscal.inf.br/mdfe/wsdl/MDFeRetRecepcao"><cUF>41</cUF><versaoDados>3.00</versaoDados></mdfeCabecMsg></soap:Header><soap:Body><mdfeRetRecepcaoResult xmlns="http://www.portalfiscal.inf.br/mdfe/wsdl/MDFeRetRecepcao"><retConsReciMDFe xmlns="http://www.portalfiscal.inf.br/mdfe" versao="3.00"><tpAmb>2</tpAmb><verAplic>RS20170524132028</verAplic><nRec>1</nRec><cStat>215</cStat><xMotivo>Rejeição: Falha no schema XML</xMotivo><cUF>41</cUF></retConsReciMDFe></mdfeRetRecepcaoResult></soap:Body></soap:Envelope>