<?xml version="1.0" encoding="utf-8"?><soap:Envelope xmlns:soap="http://www.w3.org/2003/05/soap-envelope" xmlns:xsi="http://www.w3.org/2001/XMLSchema-instance" xmlns:xsd="http://www.w3.org/2001/XMLSchema"><soap:Header><mdfeCabecMsg xmlns="http://www.portalfiscal.inf.br/mdfe/wsdl/MDFeStatusServico"><cUF>41</cUF><versaoDados>3.00</versaoDados></mdfeCabecMsg></soap:Header><soap:Body><mdfeStatusServicoMDFResult xmlns="http://www.portalfiscal.inf.br/mdfe/wsdl/MDFeStatusServico"><retConsStatServMDFe xmlns="http://www.portalfiscal.inf.br/mdfe" versao="3.00"><tpAmb>2</tpAmb><verAplic>RS20170524132035</verAplic><cStat>107</cStat><xMotivo>Servico em Operacao</xMotivo><cUF>41</cUF><dhRecbto>2018-06-08T13:37:44-03:00</dhRecbto><tMed>1</tMed></retConsStatServMDFe></mdfeStatusServicoMDFResult></soap:Body></soap:Envelope>