<?xml version="1.0" encoding="UTF-8"?><MDFe xmlns="http://www.portalfiscal.inf.br/mdfe"><infMDFe versao="3.00" Id="MDFe35180695363503000138580010000000001000000018"><ide><cUF>35</cUF><tpAmb>2</tpAmb><tpEmit>1</tpEmit><mod>58</mod><serie>1</serie><nMDF>0</nMDF><cMDF>00000001</cMDF><cDV>8</cDV><modal>1</modal><dhEmi>2018-06-08T13:35:36-03:00</dhEmi><tpEmis>1</tpEmis><procEmi>0</procEmi><verProc>1.0</verProc><UFIni>SP</UFIni><UFFim>SP</UFFim><infMunCarrega><cMunCarrega>3503208</cMunCarrega><xMunCarrega>ARARAQUARA</xMunCarrega></infMunCarrega></ide><emit><CNPJ>95363503000138</CNPJ><IE>123456789</IE><xNome>COMERCIAL ERLO DE PNEUS E MAQUINAS AGRICULAS</xNome><xFant>XYZ</xFant><enderEmit><xLgr>al rogerio pinto ferraz</xLgr><nro>150</nro><xBairro>centro</xBairro><cMun>4106902</cMun><xMun>Curitiba</xMun><CEP>00014800</CEP><UF>PR</UF><fone>1633312039</fone><email>endereco@provedor.com.br</email></enderEmit></emit><infModal versaoModal="3.00"><rodo><veicTracao><cInt>001</cInt><placa>ABC1234</placa><RENAVAM>123456789</RENAVAM><tara>5000</tara><capKG>4500</capKG><capM3>400</capM3><condutor><xNome>JOAO</xNome><CPF>12345678912</CPF></condutor><tpRod>01</tpRod><tpCar>02</tpCar><UF>PR</UF></veicTracao><veicReboque><cInt>002</cInt><placa>XYZ4567</placa><RENAVAM>123456789</RENAVAM><tara>4000</tara><capKG>3000</capKG><capM3>300</capM3><tpCar>02</tpCar><UF>PR</UF></veicReboque></rodo></infModal><infDoc><infMunDescarga><cMunDescarga>3550308</cMunDescarga><xMunDescarga>SAO PAULO</xMunDescarga><infCTe><chCTe>35110803911545000148570010000001011000001018</chCTe><infUnidTransp><tpUnidTransp>1</tpUnidTransp><idUnidTransp>ABC1234</idUnidTransp><lacUnidTransp><nLacre>123</nLacre></lacUnidTransp><infUnidCarga><tpUnidCarga>4</tpUnidCarga><idUnidCarga>AB45</idUnidCarga><lacUnidCarga><nLacre>123</nLacre></lacUnidCarga><qtdRat>1.00</qtdRat></infUnidCarga><qtdRat>1.00</qtdRat></infUnidTransp></infCTe><infCTe><chCTe>35110803911545000148570010000001021000001023</chCTe><infUnidTransp><tpUnidTransp>2</tpUnidTransp><idUnidTransp>XYZ5678</idUnidTransp><lacUnidTransp><nLacre>321</nLacre></lacUnidTransp><infUnidCarga><tpUnidCarga>4</tpUnidCarga><idUnidCarga>DD98</idUnidCarga><lacUnidCarga><nLacre>321</nLacre></lacUnidCarga><qtdRat>1.00</qtdRat></infUnidCarga><qtdRat>1.00</qtdRat></infUnidTransp></infCTe></infMunDescarga></infDoc><tot><qCTe>2</qCTe><vCarga>3500.00</vCarga><cUnid>02</cUnid><qCarga>2.8000</qCarga></tot><lacres><nLacre>123</nLacre></lacres><infAdic><infCpl>Empresa optante pelo Simples Nacional.; Caminhao VW.</infCpl></infAdic></infMDFe></MDFe>