<?xml version="1.0" encoding="UTF-8"?><retConsReciMDFe versao="3.00" xmlns="http://www.portalfiscal.inf.br/mdfe"><tpAmb>2</tpAmb><verAplic>RS20180525165918</verAplic><nRec>419000006071638</nRec><cStat>104</cStat><xMotivo>Arquivo processado</xMotivo><cUF>41</cUF><protMDFe versao="3.00"><infProt Id="MDFe080620181341470810"><tpAmb>2</tpAmb><verAplic>RS20180525165918</verAplic><chMDFe>35180695363503000138580010000000031000000010</chMDFe><dhRecbto>2018-06-08T13:41:47-03:00</dhRecbto><digVal>ARC3sYYL+UTY3DhxFlUJDFJsSD0=</digVal><cStat>226</cStat><xMotivo>Rejeição: Codigo da UF do Emitente diverge da UF autorizadora</xMotivo></infProt></protMDFe></retConsReciMDFe>