<?xml version="1.0" encoding="UTF-8"?><soap12:Envelope xmlns:xsi="http://www.w3.org/2001/XMLSchema-instance" xmlns:xsd="http://www.w3.org/2001/XMLSchema" xmlns:soap12="http://www.w3.org/2003/05/soap-envelope"><soap12:Header><mdfeCabecMsg xmlns="http://www.portalfiscal.inf.br/mdfe/wsdl/MDFeRetRecepcao"><cUF>41</cUF><versaoDados>3.00</versaoDados></mdfeCabecMsg></soap12:Header><soap12:Body><mdfeDadosMsg xmlns="http://www.portalfiscal.inf.br/mdfe/wsdl/MDFeRetRecepcao"><consReciMDFe xmlns="http://www.portalfiscal.inf.br/mdfe" versao="3.00"><tpAmb>2</tpAmb><nRec>3</nRec></consReciMDFe></mdfeDadosMsg></soap12:Body></soap12:Envelope>