<?xml version="1.0" encoding="UTF-8"?><retConsReciMDFe versao="3.00" xmlns="http://www.portalfiscal.inf.br/mdfe"><tpAmb>2</tpAmb><verAplic>RS20180906093158</verAplic><nRec>419000006197611</nRec><cStat>104</cStat><xMotivo>Arquivo processado</xMotivo><cUF>41</cUF><protMDFe versao="3.00"><infProt Id="MDFe100920181512215090"><tpAmb>2</tpAmb><verAplic>RS20180906093158</verAplic><chMDFe>41180909618977000141580010000000011000000014</chMDFe><dhRecbto>2018-09-10T15:12:21-03:00</dhRecbto><digVal>11l+i/ZguP0xmKyVrtB1DqNHQf8=</digVal><cStat>578</cStat><xMotivo>Rejeição: Informações dos tomadores é obrigatória para esta operação</xMotivo></infProt></protMDFe></retConsReciMDFe>