<?xml version="1.0" encoding="UTF-8"?><retConsReciMDFe versao="3.00" xmlns="http://www.portalfiscal.inf.br/mdfe"><tpAmb>2</tpAmb><verAplic>RS20180906093158</verAplic><nRec>419000006197872</nRec><cStat>104</cStat><xMotivo>Arquivo processado</xMotivo><cUF>41</cUF><protMDFe versao="3.00"><infProt Id="MDFe100920181611067100"><tpAmb>2</tpAmb><verAplic>RS20180906093158</verAplic><chMDFe>41180909618977000141580010000000011000000014</chMDFe><dhRecbto>2018-09-10T16:11:06-03:00</dhRecbto><digVal>gXkwYsSBc4iyiMhHs2FF0CoGyiE=</digVal><cStat>456</cStat><xMotivo>Rejeição: Código de Município diverge da UF de carregamento do MDF-e</xMotivo></infProt></protMDFe></retConsReciMDFe>