<?xml version="1.0" encoding="UTF-8"?><retConsReciMDFe versao="3.00" xmlns="http://www.portalfiscal.inf.br/mdfe"><tpAmb>2</tpAmb><verAplic>RS20180906093158</verAplic><nRec>419000006197525</nRec><cStat>104</cStat><xMotivo>Arquivo processado</xMotivo><cUF>41</cUF><protMDFe versao="3.00"><infProt Id="MDFe100920181448034390"><tpAmb>2</tpAmb><verAplic>RS20180906093158</verAplic><chMDFe>41180909618977000141580010000000011000000014</chMDFe><dhRecbto>2018-09-10T14:48:03-03:00</dhRecbto><digVal>idv+MdY6+v790ImvRsCv0Ioac2U=</digVal><cStat>698</cStat><xMotivo>Rejeição: Seguro da carga é obrigatório para modal Prestador de Serviço de Transporte no modal rodoviário</xMotivo></infProt></protMDFe></retConsReciMDFe>