<?xml version="1.0" encoding="utf-8"?><soap:Envelope xmlns:soap="http://www.w3.org/2003/05/soap-envelope" xmlns:xsi="http://www.w3.org/2001/XMLSchema-instance" xmlns:xsd="http://www.w3.org/2001/XMLSchema"><soap:Header><mdfeCabecMsg xmlns="http://www.portalfiscal.inf.br/mdfe/wsdl/MDFeRetRecepcao"><cUF>41</cUF><versaoDados>3.00</versaoDados></mdfeCabecMsg></soap:Header><soap:Body><mdfeRetRecepcaoResult xmlns="http://www.portalfiscal.inf.br/mdfe/wsdl/MDFeRetRecepcao"><retConsReciMDFe versao="3.00" xmlns="http://www.portalfiscal.inf.br/mdfe"><tpAmb>2</tpAmb><verAplic>RS20180906093158</verAplic><nRec>419000006197664</nRec><cStat>104</cStat><xMotivo>Arquivo processado</xMotivo><cUF>41</cUF><protMDFe versao="3.00"><infProt Id="MDFe100920181521008980"><tpAmb>2</tpAmb><verAplic>RS20180906093158</verAplic><chMDFe>41180909618977000141580010000000011000000014</chMDFe><dhRecbto>2018-09-10T15:21:00-03:00</dhRecbto><digVal>gmmWvD9VE4GlrsjEZR0/UTYrfdQ=</digVal><cStat>645</cStat><xMotivo>Rejeição: CPF do condutor inválido</xMotivo></infProt></protMDFe></retConsReciMDFe></mdfeRetRecepcaoResult></soap:Body></soap:Envelope>