<?xml version="1.0" encoding="UTF-8"?><retConsReciMDFe versao="3.00" xmlns="http://www.portalfiscal.inf.br/mdfe"><tpAmb>2</tpAmb><verAplic>RS20180906093158</verAplic><nRec>419000006197516</nRec><cStat>104</cStat><xMotivo>Arquivo processado</xMotivo><cUF>41</cUF><protMDFe versao="3.00"><infProt Id="MDFe100920181445386980"><tpAmb>2</tpAmb><verAplic>RS20180906093158</verAplic><chMDFe>35180909618977000141580010000000011000000017</chMDFe><dhRecbto>2018-09-10T14:45:38-03:00</dhRecbto><digVal>wLKjI7qx1tu++3Tz0JuEunVPUOU=</digVal><cStat>226</cStat><xMotivo>Rejeição: Codigo da UF do Emitente diverge da UF autorizadora</xMotivo></infProt></protMDFe></retConsReciMDFe>