<?xml version="1.0" encoding="utf-8"?><soap:Envelope xmlns:soap="http://www.w3.org/2003/05/soap-envelope" xmlns:xsi="http://www.w3.org/2001/XMLSchema-instance" xmlns:xsd="http://www.w3.org/2001/XMLSchema"><soap:Header><mdfeCabecMsg xmlns="http://www.portalfiscal.inf.br/mdfe/wsdl/MDFeRecepcao"><cUF>41</cUF><versaoDados>3.00</versaoDados></mdfeCabecMsg></soap:Header><soap:Body><mdfeRecepcaoLoteResult xmlns="http://www.portalfiscal.inf.br/mdfe/wsdl/MDFeRecepcao"><retEnviMDFe xmlns="http://www.portalfiscal.inf.br/mdfe" versao="3.00"><tpAmb>2</tpAmb><cUF>41</cUF><verAplic>RS20170524132013</verAplic><cStat>103</cStat><xMotivo>Arquivo recebido com sucesso</xMotivo><infRec><nRec>419000006197516</nRec><dhRecbto>2018-09-10T14:45:38-03:00</dhRecbto><tMed>1</tMed></infRec></retEnviMDFe></mdfeRecepcaoLoteResult></soap:Body></soap:Envelope>